Cattle_ID,Weight,Age_in_Months,Feed_Type,Daily_Feed_Amount,Avg_Gain_Per_Day,Days_on_Feed,Market_Ready
1,874.54,26,Mixed,41.24,1.92,239,0
2,1450.71,23,Grass,29.44,2.24,225,1
3,1231.99,27,Mixed,37.61,3.14,127,1
4,1098.66,35,Grass,37.63,2.16,122,0
5,656.02,30,Mixed,46.08,2.77,51,0
6,655.99,19,Mixed,35.95,1.56,201,0
7,558.08,32,Grass,32.58,2.8,163,0
8,1366.18,28,Grain,19.86,3.58,54,1
9,1101.12,34,Grass,19.05,3.61,214,0
10,1208.07,16,Mixed,20.4,3.17,114,0
11,520.58,33,Grain,21.01,3.24,84,0
12,1469.91,27,Grass,37.33,2.67,280,0
13,1332.44,17,Grass,40.93,2.75,173,0
14,712.34,19,Grass,33.55,1.4,196,0
15,681.82,29,Grain,44.02,2.33,253,0
16,683.4,23,Mixed,49.69,2.35,249,1
17,804.24,26,Grass,43.7,3.88,208,0
18,1024.76,20,Grass,39.32,2.29,148,0
19,931.95,24,Grass,33.64,2.65,294,1
20,791.23,26,Grass,30.71,2.6,179,1
21,1111.85,21,Grass,17.95,2.91,244,1
22,639.49,27,Mixed,28.98,3.24,226,0
23,792.14,18,Mixed,46.85,1.68,71,0
24,866.36,28,Grass,43.28,2.59,82,0
25,956.07,34,Grain,22.56,3.48,280,0
26,1285.18,32,Mixed,31.33,2.39,152,0
27,699.67,33,Grain,43.59,1.84,295,1
28,1014.23,18,Mixed,17.36,2.96,58,0
29,1092.41,25,Grass,28.56,3.47,64,0
30,546.45,26,Mixed,44.81,1.19,35,0
31,1107.54,32,Grass,29.14,3.33,140,0
32,670.52,18,Mixed,17.72,3.46,106,1
33,565.05,20,Grass,33.99,2.38,176,0
34,1448.89,30,Grass,45.16,3.95,96,1
35,1465.63,27,Grass,35.66,3.36,37,1
36,1308.4,19,Grass,22.92,3.32,151,0
37,804.61,29,Grain,28.45,3.24,204,0
38,597.67,34,Grass,30.75,1.45,208,1
39,1184.23,29,Grain,35.27,1.65,114,1
40,940.15,31,Grain,41.58,2.39,74,0
41,622.04,18,Grass,18.46,1.79,165,1
42,995.18,14,Grain,46.14,2.25,45,0
43,534.39,29,Mixed,15.43,3.67,224,1
44,1409.32,21,Grass,27.95,3.47,38,0
45,758.78,18,Grain,15.96,2.89,44,0
46,1162.52,28,Grass,28.75,3.57,131,1
47,811.71,25,Grass,33.4,3.35,255,0
48,1020.07,35,Grass,32.91,2.29,142,0
49,1046.71,14,Grain,20.8,1.6,30,0
50,684.85,23,Mixed,37.6,2.54,295,1
51,1469.58,24,Mixed,16.57,3.21,237,1
52,1275.13,13,Grain,41.67,2.31,139,1
53,1439.5,14,Grass,48.13,3.0,229,0
54,1394.83,16,Grain,26.89,1.28,41,1
55,1097.9,22,Grain,33.1,3.24,217,0
56,1421.87,19,Grain,28.26,3.44,183,0
57,588.49,34,Grass,15.23,3.12,200,1
58,695.98,34,Grain,28.51,3.9,163,0
59,545.23,23,Grass,42.71,3.48,54,0
60,825.33,18,Grain,35.86,3.71,47,0
61,888.68,26,Mixed,18.54,3.8,219,0
62,771.35,35,Grain,44.65,3.4,170,1
63,1328.74,28,Grain,33.59,3.02,72,0
64,856.75,15,Mixed,44.46,1.02,175,1
65,780.93,33,Grass,35.31,2.4,121,0
66,1042.7,24,Grass,34.59,2.71,208,0
67,640.92,29,Grain,18.68,1.91,85,0
68,1302.2,12,Mixed,20.86,1.95,184,1
69,574.55,27,Grass,49.02,3.88,189,1
70,1486.89,24,Grain,23.0,3.68,140,1
71,1272.24,21,Mixed,49.21,3.55,166,1
72,698.72,23,Grass,33.62,2.22,261,0
73,505.52,13,Grass,19.75,1.04,249,1
74,1315.46,34,Mixed,18.48,1.24,97,1
75,1206.86,14,Mixed,22.31,1.94,278,1
76,1229.01,21,Mixed,47.4,1.05,35,0
77,1271.27,13,Mixed,29.5,1.05,123,0
78,574.04,34,Grain,28.84,3.75,298,1
79,858.47,24,Mixed,25.96,3.12,226,1
80,615.87,24,Grass,20.15,1.93,54,0
81,1363.1,29,Grass,32.07,1.4,177,1
82,1123.3,14,Grain,19.55,2.53,147,1
83,830.9,18,Grass,44.24,1.02,95,0
84,563.56,25,Grass,27.96,3.82,204,1
85,810.98,31,Mixed,28.12,2.24,105,0
86,825.18,28,Grass,31.59,2.21,143,0
87,1229.61,32,Grain,30.54,2.17,140,0
88,1137.56,23,Mixed,49.82,1.21,278,0
89,1387.21,27,Mixed,34.09,2.91,232,1
90,972.21,35,Grain,18.09,3.2,176,0
91,619.59,23,Mixed,36.24,3.03,64,0
92,1213.24,26,Mixed,20.31,1.42,55,0
93,1260.79,21,Grain,16.08,2.74,267,0
94,1061.28,18,Mixed,48.98,2.71,43,0
95,1270.97,31,Grain,42.07,3.61,74,1
96,993.8,16,Grain,49.3,2.14,245,0
97,1022.73,12,Grass,31.73,2.11,262,1
98,927.54,28,Grass,33.63,2.86,222,1
99,525.42,14,Mixed,20.89,2.9,80,0
100,607.89,24,Mixed,23.64,2.41,243,1
101,531.43,25,Grain,44.35,2.33,180,0
102,1136.41,35,Mixed,27.47,2.48,105,0
103,814.36,29,Grain,43.94,3.58,249,0
104,1008.57,15,Grain,39.82,2.38,216,0
105,1407.57,29,Mixed,21.2,3.82,57,0
106,749.29,16,Grain,32.76,2.51,209,1
107,910.38,27,Grass,38.71,3.85,282,0
108,1255.55,12,Mixed,23.23,3.5,155,1
109,728.8,32,Grass,44.07,2.09,206,0
110,576.98,25,Mixed,34.07,3.59,66,1
111,789.75,26,Grain,20.78,1.33,128,0
112,661.22,20,Mixed,35.4,3.78,127,0
113,1429.7,26,Grass,49.99,2.89,156,0
114,1308.12,28,Grain,20.27,1.16,197,0
115,1133.4,35,Mixed,43.59,2.93,109,0
116,1371.46,15,Mixed,22.26,3.92,155,1
117,1303.67,23,Mixed,42.38,1.21,179,0
118,686.57,16,Grass,40.71,2.66,45,1
119,1392.56,16,Grass,25.52,3.24,57,1
120,1039.34,22,Mixed,26.4,3.43,202,1
121,1307.44,17,Grain,42.74,2.24,75,0
122,1396.09,18,Grain,31.15,1.61,265,0
123,818.0,35,Grass,40.58,1.13,243,1
124,610.05,25,Grain,20.18,2.74,114,1
125,727.94,35,Grass,44.84,2.36,261,0
126,927.11,22,Mixed,39.88,3.85,114,0
127,1318.01,24,Grass,46.74,1.18,94,0
128,1360.73,13,Grass,19.63,3.06,163,0
129,506.95,18,Mixed,35.76,1.07,180,1
130,1010.75,31,Grain,35.97,1.51,144,0
131,917.41,15,Grass,27.37,2.36,93,0
132,722.11,19,Grass,31.05,2.36,187,0
133,619.87,31,Mixed,16.33,3.06,106,0
134,837.62,33,Grain,41.11,3.73,175,1
135,1442.91,32,Grass,34.23,2.92,254,1
136,823.2,30,Mixed,17.02,3.86,132,0
137,1018.79,24,Grass,38.83,3.64,117,1
138,1203.02,25,Mixed,31.34,2.75,197,0
139,863.63,21,Grain,16.21,3.5,199,0
140,1471.78,22,Grain,48.94,2.93,164,0
141,1462.45,13,Grain,48.22,1.24,79,0
142,751.78,20,Grain,32.95,3.22,163,0
143,997.25,28,Grass,18.28,1.28,166,0
144,800.88,14,Grass,41.41,2.78,274,1
145,784.84,35,Grain,32.22,3.11,138,0
146,536.89,17,Grain,25.59,1.2,50,1
147,1109.56,16,Grain,32.2,1.69,119,0
148,1002.68,16,Grass,33.29,3.75,141,1
149,551.48,33,Grain,34.69,2.85,106,1
150,778.65,26,Grain,30.44,1.74,206,0
151,1408.27,34,Grain,36.2,3.07,177,1
152,739.56,28,Mixed,47.16,2.79,130,0
153,644.89,20,Grain,27.68,2.5,275,1
154,989.45,14,Mixed,40.4,3.93,146,0
155,1485.65,31,Mixed,46.31,3.05,121,1
156,742.06,28,Grain,30.96,2.13,57,1
157,1172.14,21,Mixed,30.52,3.4,54,0
158,1261.62,14,Grain,36.07,3.65,87,0
159,737.64,29,Grass,35.7,1.38,163,1
160,1228.22,29,Grass,43.23,1.6,278,0
161,867.78,28,Grass,31.68,1.65,67,0
162,1132.31,35,Grass,49.86,3.07,104,0
163,1133.53,14,Mixed,17.08,2.81,171,0
164,1035.77,14,Grain,15.11,2.86,197,1
165,590.29,17,Grain,37.41,3.82,288,0
166,1335.3,24,Grain,25.45,3.33,254,0
167,820.78,35,Grass,23.41,1.38,181,1
168,686.52,26,Grass,25.92,2.04,48,1
169,540.78,20,Grain,23.96,2.31,175,0
170,1090.89,15,Grass,16.08,2.19,270,0
171,1177.56,25,Grain,49.0,3.01,266,1
172,516.59,16,Grain,22.73,3.68,64,1
173,1012.09,13,Grain,40.69,1.92,219,0
174,726.5,22,Grain,41.69,2.66,30,0
175,1145.17,20,Grain,47.52,3.37,182,0
176,674.37,35,Grain,16.07,2.25,155,0
177,1190.94,14,Grain,45.52,1.5,255,0
178,886.74,20,Grass,33.45,2.42,250,1
179,1436.73,14,Grain,37.14,1.17,240,0
180,637.52,13,Grain,37.56,3.83,54,1
181,841.07,23,Grass,43.69,1.22,45,0
182,613.47,21,Grass,26.67,2.32,211,1
183,1424.69,20,Grass,40.66,2.59,158,1
184,1377.34,26,Grain,33.5,3.96,71,0
185,757.94,19,Mixed,42.77,1.5,265,0
186,1159.98,16,Mixed,49.67,1.34,63,0
187,1317.22,22,Grass,22.02,1.03,74,1
188,1055.2,13,Mixed,49.81,1.47,163,1
189,1029.65,35,Grass,18.14,1.62,50,0
190,741.85,26,Grain,15.08,2.89,151,0
191,593.1,17,Mixed,16.55,1.66,99,0
192,1397.22,19,Grain,26.96,1.06,77,1
193,1400.42,16,Mixed,37.15,3.48,68,0
194,1133.1,27,Grain,17.42,2.1,39,0
195,839.03,29,Mixed,15.2,2.06,59,0
196,849.21,17,Grain,47.8,1.91,273,0
197,1225.96,16,Grain,43.77,3.93,117,1
198,1397.11,27,Mixed,43.32,1.51,273,0
199,1387.09,24,Grain,45.95,3.69,44,1
200,1279.88,16,Grain,39.5,3.33,33,0
201,1142.03,24,Grain,18.65,1.23,220,0
202,584.14,28,Mixed,28.97,3.96,197,1
203,661.63,29,Mixed,40.31,1.81,38,1
204,1398.55,19,Grain,24.81,1.3,138,1
205,1106.43,24,Grain,39.06,3.49,166,0
206,509.2,30,Mixed,15.86,3.12,183,0
207,601.47,14,Mixed,25.71,2.85,238,1
208,1163.5,35,Grain,34.22,1.47,172,0
209,505.06,19,Grain,37.12,2.44,128,0
210,660.81,13,Grain,35.2,3.34,98,1
211,1048.73,19,Grass,39.42,1.91,276,1
212,1191.9,24,Mixed,15.21,1.94,290,1
213,1151.96,24,Grass,18.53,1.01,108,1
214,724.27,12,Mixed,45.41,1.52,175,1
215,1212.18,17,Mixed,38.86,3.63,140,0
216,737.25,35,Mixed,18.95,2.33,287,0
217,825.4,30,Mixed,44.47,3.95,122,0
218,1246.49,27,Mixed,23.48,2.19,42,0
219,1149.63,19,Mixed,31.74,3.15,289,0
220,1349.22,12,Mixed,20.08,1.85,138,0
221,1157.61,27,Grass,39.85,2.09,218,0
222,1068.31,20,Grain,38.34,1.57,124,0
223,593.67,24,Grain,22.39,2.04,134,0
224,867.72,22,Grass,45.22,2.64,37,0
225,765.2,24,Grass,29.05,3.98,96,0
226,743.99,32,Grass,25.24,2.99,220,1
227,1473.01,21,Grass,20.33,1.6,285,0
228,893.1,15,Mixed,24.32,1.13,38,0
229,1392.05,17,Grain,15.77,1.38,146,1
230,1131.14,18,Mixed,35.41,2.69,296,0
231,1294.81,16,Grain,44.48,3.3,128,0
232,1002.64,22,Grain,34.21,3.82,193,0
233,1076.9,24,Grass,22.67,1.05,170,0
234,992.52,30,Mixed,16.18,2.57,297,1
235,695.24,34,Grass,22.51,2.41,66,0
236,1222.45,21,Mixed,29.56,2.97,103,1
237,780.77,21,Grain,41.59,2.68,102,0
238,524.32,22,Grass,21.57,3.06,228,0
239,1145.47,32,Grass,40.19,2.97,159,0
240,677.11,18,Grain,45.34,1.35,275,0
241,1440.46,29,Grain,30.89,3.4,89,0
242,1453.93,15,Grain,43.75,1.37,132,0
243,1414.86,13,Grass,34.41,3.1,180,0
244,870.16,25,Mixed,37.3,2.25,186,1
245,515.46,24,Grass,33.42,2.54,235,0
246,1428.32,23,Mixed,31.21,3.71,208,1
247,928.18,18,Grass,23.21,3.67,226,1
248,1466.65,13,Grass,25.61,3.45,252,0
249,1463.62,24,Grain,25.15,2.53,118,0
250,1353.01,25,Mixed,34.72,3.21,265,0
251,794.45,28,Grass,19.2,2.54,212,1
252,885.1,20,Grass,47.09,3.61,238,0
253,1351.14,28,Grain,40.22,2.21,159,1
254,816.92,19,Grain,29.05,3.91,182,0
255,669.49,13,Mixed,20.55,3.8,42,1
256,1056.8,35,Grass,45.87,3.22,151,0
257,1436.15,24,Mixed,43.83,1.84,249,1
258,1196.03,14,Grass,40.26,1.39,135,0
259,1070.06,27,Mixed,24.5,3.56,99,0
260,597.18,17,Grain,29.09,1.5,224,0
261,1115.01,30,Grass,18.6,3.56,215,0
262,1490.05,18,Mixed,21.62,2.47,128,1
263,640.08,21,Grain,42.41,2.22,111,0
264,1018.33,20,Grain,40.03,3.71,104,0
265,1377.37,13,Mixed,35.77,2.81,221,0
266,1240.77,26,Grass,46.35,2.73,243,0
267,1197.02,16,Grass,35.41,2.68,173,0
268,1202.48,33,Grain,31.34,2.11,245,1
269,859.49,15,Grass,26.91,3.36,44,0
270,793.59,31,Grass,47.92,1.76,246,1
271,1309.36,15,Grass,17.9,3.82,64,0
272,1310.11,29,Grain,47.58,3.68,212,0
273,1367.07,15,Mixed,43.94,2.01,299,1
274,1413.24,28,Grass,19.55,3.19,129,1
275,1011.34,23,Grain,34.77,2.72,36,0
276,1001.52,33,Grain,45.33,2.01,59,1
277,1298.3,28,Mixed,35.01,3.97,173,0
278,1149.96,21,Grass,46.75,1.08,140,0
279,1201.97,33,Grass,48.0,1.76,261,1
280,1295.79,12,Mixed,29.78,2.56,208,0
281,1390.01,33,Mixed,28.21,2.57,101,0
282,838.0,35,Grain,47.77,2.77,239,1
283,875.58,29,Grain,38.63,3.26,249,1
284,593.98,29,Mixed,19.06,2.87,109,0
285,1078.28,25,Grass,16.48,2.8,112,0
286,535.94,26,Grain,34.76,1.16,71,0
287,965.6,23,Grain,47.56,2.13,220,1
288,1042.64,15,Grass,44.55,1.7,202,1
289,786.54,14,Grain,38.65,1.8,36,0
290,1090.83,31,Grass,19.87,2.66,184,0
291,530.5,23,Grass,23.9,1.6,39,0
292,537.35,18,Grass,45.64,1.88,63,1
293,1322.6,22,Mixed,21.4,1.71,65,1
294,860.19,12,Mixed,24.75,3.85,35,1
295,627.06,17,Mixed,19.54,3.83,244,1
296,1022.24,26,Grass,38.66,2.83,163,0
297,1269.99,26,Grass,48.04,3.77,155,0
298,715.82,30,Mixed,24.41,3.36,203,0
299,1122.89,22,Grain,31.64,2.77,181,0
300,585.35,34,Grass,37.2,1.02,55,0
301,551.68,13,Grain,49.98,3.32,144,0
302,1031.35,25,Grain,18.67,3.11,104,1
303,1040.64,13,Grass,32.45,2.85,195,1
304,1137.43,15,Grass,28.48,3.28,218,0
305,1226.09,28,Grain,45.3,2.54,107,0
306,1475.85,14,Grain,31.66,3.11,119,0
307,1016.3,24,Mixed,18.88,3.81,205,1
308,822.96,20,Mixed,37.2,2.13,50,1
309,1295.19,18,Grass,41.98,3.12,83,0
310,770.83,26,Mixed,15.1,2.43,213,0
311,938.97,34,Mixed,45.06,3.02,251,0
312,578.46,22,Mixed,21.51,3.29,208,0
313,525.35,31,Mixed,34.32,1.14,141,0
314,1462.65,13,Grain,29.55,2.94,253,1
315,1335.98,26,Grass,40.19,1.68,243,1
316,1195.97,25,Mixed,27.99,3.01,88,0
317,908.95,31,Grain,45.44,2.4,138,1
318,673.29,33,Grain,40.57,3.32,186,1
319,656.44,22,Grain,37.67,1.37,220,0
320,750.24,14,Mixed,42.87,2.88,229,0
321,1049.23,28,Mixed,41.39,1.84,225,1
322,1214.6,23,Grass,16.26,3.56,64,0
323,1160.2,35,Mixed,28.82,3.79,275,1
324,779.93,32,Mixed,47.58,3.99,266,1
325,1454.87,26,Grain,19.4,3.39,133,1
326,1237.9,27,Grass,40.8,3.26,36,1
327,1054.35,16,Mixed,49.11,1.65,30,1
328,1111.72,31,Mixed,16.83,2.01,248,1
329,919.6,17,Grain,38.88,2.4,259,0
330,747.73,30,Grain,31.39,3.32,201,0
331,855.97,16,Mixed,35.27,3.74,116,0
332,1257.85,14,Grass,17.99,1.57,70,1
333,514.39,12,Grass,16.51,3.77,152,0
334,616.07,17,Grain,38.34,3.09,207,0
335,546.0,26,Grain,43.82,2.83,92,0
336,540.73,13,Mixed,42.37,1.6,194,1
337,1355.46,14,Grain,34.03,1.17,216,1
338,1203.66,28,Mixed,18.5,2.71,238,1
339,974.17,35,Grass,39.08,2.95,256,0
340,597.83,23,Grass,23.47,1.63,77,1
341,991.62,29,Mixed,46.89,2.67,253,1
342,973.47,26,Grain,44.34,3.57,32,0
343,673.2,23,Grass,39.83,3.51,204,0
344,933.85,27,Grain,48.21,3.78,128,0
345,898.5,19,Grass,16.1,2.1,145,1
346,1115.85,25,Mixed,40.77,1.95,299,0
347,1135.09,28,Mixed,26.56,3.25,282,0
348,545.3,32,Mixed,46.71,2.29,124,1
349,874.61,19,Grass,24.33,1.26,53,0
350,1125.86,26,Grain,40.37,1.85,145,0
351,1003.14,25,Grain,45.72,2.26,180,1
352,1356.49,29,Grain,16.46,1.88,79,0
353,1158.69,31,Grass,28.92,2.0,235,1
354,662.93,18,Grass,41.68,1.88,108,0
355,570.57,14,Grass,30.92,1.12,99,1
356,1142.42,23,Grass,24.35,2.91,56,1
357,526.51,32,Grass,22.69,2.79,79,0
358,1085.78,35,Grain,19.6,2.96,276,0
359,1440.23,14,Grass,45.0,1.58,293,1
360,1075.47,31,Grass,35.14,1.89,108,1
361,888.17,25,Grain,17.67,2.86,219,1
362,1143.29,26,Grass,28.39,2.8,76,1
363,958.25,25,Grain,27.87,2.52,218,0
364,1045.62,18,Grain,21.36,2.05,285,0
365,1441.46,28,Mixed,30.24,3.74,251,1
366,886.1,23,Mixed,26.62,2.02,270,0
367,1461.19,31,Mixed,26.96,2.37,298,0
368,1405.35,15,Mixed,40.87,3.03,30,0
369,695.79,20,Grass,22.81,2.63,63,0
370,569.36,17,Mixed,37.47,2.04,108,0
371,600.78,27,Grain,34.97,2.31,265,1
372,518.22,33,Grass,34.88,3.38,127,0
373,594.44,33,Mixed,38.21,1.83,111,0
374,1183.01,32,Grain,34.19,1.43,221,1
375,571.19,32,Grass,45.77,1.94,282,1
376,818.98,13,Grass,38.65,3.55,67,0
377,1344.88,35,Mixed,34.14,1.27,43,0
378,523.27,19,Grass,44.04,3.98,238,1
379,1314.47,22,Grain,36.22,2.62,118,1
380,781.85,24,Grass,25.19,3.95,85,1
381,618.16,28,Grain,22.25,3.82,123,1
382,1196.74,19,Grass,20.33,2.36,122,1
383,1128.94,32,Mixed,46.48,1.6,114,0
384,1377.47,29,Grain,39.85,1.49,274,1
385,1235.07,29,Grass,47.81,1.72,51,0
386,1303.48,25,Grass,36.12,3.13,151,1
387,782.03,26,Grass,31.57,1.82,157,1
388,677.44,17,Grain,17.09,2.02,142,0
389,1250.61,22,Grain,38.51,2.35,159,0
390,1306.83,24,Grain,35.38,3.74,161,0
391,1490.51,12,Mixed,49.66,1.57,114,0
392,912.62,17,Mixed,23.37,1.02,110,1
393,872.02,20,Grain,33.58,1.18,98,0
394,1276.41,19,Grass,37.78,3.71,177,1
395,840.8,22,Mixed,37.56,2.94,45,0
396,1430.76,33,Grain,34.65,1.82,134,1
397,1358.41,30,Grass,42.19,1.53,194,1
398,928.99,35,Mixed,22.17,1.88,230,1
399,1250.87,20,Grass,40.4,1.34,226,0
400,1254.54,28,Grass,36.69,3.82,214,1
401,603.12,23,Grass,46.36,3.35,294,0
402,1402.55,25,Grass,44.65,2.39,129,0
403,1005.25,26,Mixed,26.03,3.59,243,0
404,1326.46,27,Mixed,24.67,1.75,191,0
405,820.05,33,Mixed,49.36,3.15,186,1
406,1395.52,33,Grain,33.45,3.57,280,0
407,889.2,31,Mixed,46.72,2.07,126,1
408,510.84,12,Grass,20.74,3.27,47,1
409,1405.38,21,Mixed,37.5,1.89,126,0
410,591.29,19,Grass,43.35,1.9,30,1
411,819.31,29,Grain,48.16,1.32,245,0
412,1450.06,12,Grass,26.81,2.32,161,0
413,1450.61,13,Grass,40.37,3.19,289,0
414,1073.44,12,Grass,33.86,3.82,154,1
415,1131.84,12,Grain,17.12,2.81,111,1
416,948.45,20,Mixed,39.15,3.59,200,0
417,793.21,24,Mixed,39.15,3.47,88,0
418,828.66,12,Grain,47.57,1.52,61,1
419,1172.52,24,Grass,32.41,2.46,190,0
420,1252.37,31,Mixed,23.06,1.35,135,1
421,1291.58,33,Grain,16.56,3.05,134,0
422,1289.62,18,Mixed,29.55,3.85,257,0
423,591.21,13,Grain,25.57,1.41,217,1
424,994.42,17,Grass,41.64,3.2,99,0
425,557.56,18,Mixed,27.4,2.9,116,1
426,1049.53,25,Grain,48.22,2.75,85,1
427,941.53,29,Mixed,48.68,2.17,142,0
428,1387.7,26,Mixed,36.73,2.07,42,0
429,850.92,13,Mixed,47.5,1.14,47,1
430,617.07,21,Mixed,41.63,1.65,211,1
431,642.99,34,Grain,34.14,1.05,142,0
432,1261.51,23,Grass,21.31,2.74,258,1
433,1118.22,28,Grain,31.05,1.32,200,0
434,601.12,19,Grain,34.63,3.62,218,0
435,584.11,22,Grain,45.24,2.57,108,1
436,1200.97,14,Grass,31.85,3.1,175,0
437,572.76,17,Mixed,46.42,2.23,211,1
438,1321.86,20,Mixed,38.6,2.68,279,0
439,1206.24,17,Mixed,19.79,3.83,225,1
440,581.35,20,Grass,49.82,1.25,100,0
441,584.84,18,Mixed,33.45,1.76,277,0
442,1486.64,20,Grass,28.72,3.34,175,1
443,874.27,29,Mixed,38.07,1.3,135,0
444,870.64,23,Mixed,18.81,1.23,292,0
445,1312.8,19,Grain,37.28,2.08,99,0
446,1447.25,19,Grass,32.44,1.28,222,0
447,1486.0,29,Grain,29.23,2.76,97,1
448,1253.38,31,Grain,48.36,1.68,81,0
449,876.26,26,Grain,33.29,3.69,38,0
450,583.5,18,Grass,22.67,3.35,280,0
451,1277.15,22,Grass,31.06,3.1,213,0
452,1058.4,31,Mixed,47.18,2.85,208,0
453,924.22,27,Grain,21.16,3.59,227,0
454,1406.35,15,Mixed,22.49,1.67,157,0
455,611.2,17,Grain,15.46,3.62,49,1
456,992.63,33,Grass,15.5,3.37,94,1
457,511.35,14,Grass,44.03,3.24,211,0
458,968.66,20,Grass,40.62,2.68,270,0
459,556.3,21,Grain,27.43,1.74,53,0
460,618.82,25,Grass,39.44,2.27,112,0
461,617.53,22,Grain,28.83,3.38,214,0
462,1149.21,29,Mixed,48.35,1.1,128,0
463,1246.04,33,Grain,48.85,3.35,91,0
464,1083.37,23,Mixed,28.75,1.72,51,0
465,1462.17,34,Grain,44.9,1.43,241,0
466,874.87,23,Mixed,42.06,1.35,155,0
467,785.71,24,Grass,25.85,1.08,71,0
468,1368.6,24,Mixed,23.12,2.57,127,0
469,723.6,30,Grass,31.04,1.65,60,0
470,1463.22,30,Grass,42.35,3.97,187,0
471,512.15,34,Mixed,48.61,2.72,141,0
472,1469.88,25,Grain,41.73,1.41,276,0
473,543.16,15,Grain,44.93,3.07,151,0
474,1391.14,24,Grain,36.11,3.69,236,0
475,1027.7,19,Grain,44.24,3.24,139,0
476,1492.96,34,Grain,42.45,1.23,85,0
477,573.8,32,Grass,28.19,3.69,86,1
478,1053.85,34,Grain,34.32,3.38,143,0
479,1469.3,30,Grass,43.17,1.47,227,0
480,1023.1,23,Grass,16.61,1.16,208,1
481,1129.4,29,Grass,43.28,2.67,248,0
482,1195.75,17,Mixed,21.23,1.47,45,0
483,954.54,29,Mixed,33.01,3.5,90,1
484,1127.56,30,Grass,43.29,2.08,83,1
485,1084.31,33,Mixed,23.88,3.74,197,0
486,1401.16,16,Grain,23.6,2.7,55,0
487,545.45,35,Grain,29.1,1.55,94,0
488,780.96,20,Grass,46.31,1.42,129,0
489,1450.41,14,Grain,15.02,2.73,103,0
490,1390.26,21,Grass,46.55,3.29,221,0
491,955.66,30,Grass,20.38,3.34,200,0
492,1120.13,14,Grain,49.65,1.83,216,1
493,777.38,33,Mixed,48.42,1.61,52,1
494,688.12,26,Grain,32.31,1.05,210,0
495,963.7,12,Grain,32.95,3.04,137,1
496,853.35,18,Grass,31.85,1.23,191,0
497,1083.66,23,Grass,37.24,2.26,235,1
498,577.73,28,Grass,18.18,2.81,107,0
499,1474.39,32,Grass,16.14,3.81,45,0
500,1486.21,35,Mixed,17.02,1.94,125,0
501,1198.16,31,Mixed,30.55,1.75,176,0
502,1036.1,16,Mixed,24.64,2.96,31,0
503,809.53,15,Grass,36.77,2.86,39,1
504,1313.8,23,Grass,49.74,2.0,154,1
505,1184.73,31,Grass,28.52,3.78,110,0
506,662.62,35,Mixed,35.08,3.53,169,0
507,1410.93,29,Grass,29.55,1.67,179,0
508,1322.54,28,Grain,44.65,1.72,158,1
509,1449.8,30,Grain,46.58,2.54,268,1
510,1225.72,20,Grass,45.71,3.32,87,1
511,1113.42,15,Grain,49.1,1.13,227,1
512,918.24,32,Grain,15.96,3.08,240,0
513,1432.73,13,Mixed,44.39,2.94,74,0
514,1366.06,15,Grass,41.31,1.69,126,0
515,545.22,13,Grass,23.0,3.04,52,1
516,526.37,26,Mixed,48.47,3.82,73,0
517,876.46,13,Grain,20.19,1.14,56,0
518,1310.55,15,Grain,38.78,1.96,126,1
519,1487.28,17,Grass,22.87,2.31,65,0
520,650.42,18,Grain,30.1,3.7,138,0
521,1094.13,21,Mixed,40.17,3.89,84,1
522,880.89,30,Mixed,34.72,2.33,221,0
523,1469.91,30,Grass,29.96,3.25,248,0
524,1342.12,33,Mixed,26.42,2.59,214,1
525,1338.33,23,Mixed,44.39,2.61,98,1
526,968.69,14,Grass,20.03,1.83,159,1
527,914.82,24,Mixed,30.05,1.65,84,0
528,773.41,29,Mixed,46.63,1.86,126,0
529,556.38,19,Mixed,44.6,2.67,116,1
530,1364.72,32,Grain,29.03,1.09,148,0
531,1312.9,26,Grass,41.71,3.72,237,0
532,1499.72,12,Grass,43.81,1.47,183,1
533,1496.64,14,Grass,46.11,1.66,64,0
534,1055.43,19,Grain,34.06,2.55,108,0
535,1268.99,15,Grain,22.16,3.13,96,0
536,1444.77,27,Grass,23.94,1.29,63,0
537,1349.65,34,Grain,25.35,1.95,126,0
538,747.35,21,Grass,35.78,3.91,198,0
539,950.54,23,Grain,16.15,1.79,198,1
540,629.16,25,Mixed,37.26,1.94,180,1
541,1454.05,25,Mixed,27.75,3.51,100,0
542,1106.17,13,Grass,25.33,1.15,32,0
543,728.64,34,Grain,45.78,2.39,61,0
544,1171.7,16,Grain,31.1,2.14,111,0
545,1118.13,16,Mixed,18.33,1.95,72,1
546,858.16,17,Mixed,43.94,1.86,134,1
547,613.56,24,Grain,16.67,1.27,30,1
548,1171.57,20,Grain,40.44,1.94,90,0
549,1020.31,33,Grain,42.09,1.13,299,0
550,1272.32,26,Grain,27.34,3.34,209,0
551,1020.16,25,Grain,43.87,2.19,253,0
552,1352.18,35,Grain,33.05,2.33,35,1
553,1051.91,18,Grass,31.22,3.68,132,1
554,1060.94,31,Grain,16.59,2.97,39,0
555,1376.65,13,Mixed,25.15,1.02,100,1
556,903.48,18,Grass,47.59,3.83,119,0
557,634.02,17,Grain,28.71,1.71,255,0
558,528.78,28,Mixed,34.13,1.32,187,0
559,1255.14,13,Grass,33.62,3.3,257,0
560,1120.31,14,Mixed,35.67,2.5,155,0
561,1204.08,16,Grain,17.15,2.3,238,1
562,712.96,16,Grain,27.68,1.75,126,1
563,636.37,12,Grain,40.31,2.64,103,0
564,514.54,19,Grain,22.02,1.82,144,0
565,850.59,23,Grass,22.13,3.7,220,1
566,1089.92,35,Grass,15.35,1.65,199,1
567,892.24,15,Mixed,30.31,3.65,233,1
568,937.47,24,Grain,45.9,2.68,85,0
569,1404.16,34,Mixed,16.82,3.49,237,1
570,848.26,26,Grass,21.69,3.14,70,0
571,1013.99,22,Grain,25.85,3.09,61,1
572,1283.65,21,Grain,40.61,1.97,44,0
573,896.54,14,Grass,37.42,1.7,91,1
574,1122.09,33,Grass,29.56,1.63,184,0
575,1362.36,25,Grass,41.57,3.57,238,0
576,1449.52,27,Grass,36.34,3.46,216,0
577,647.07,21,Grass,46.36,2.32,159,0
578,1426.59,21,Grain,43.63,1.4,156,1
579,992.12,23,Grass,23.85,2.15,143,1
580,758.24,20,Grain,24.5,2.86,228,1
581,959.14,12,Grain,19.39,2.36,42,0
582,1480.03,16,Grass,26.79,3.34,118,1
583,992.62,31,Grass,49.98,3.99,244,1
584,828.75,19,Grain,29.2,1.57,232,0
585,1133.4,22,Grass,22.72,2.38,103,0
586,740.15,23,Grass,41.69,2.29,54,1
587,575.86,12,Grass,33.99,1.91,130,1
588,628.88,33,Mixed,20.24,1.59,205,1
589,628.05,31,Grain,28.32,1.2,146,0
590,651.9,22,Mixed,29.51,3.66,195,0
591,638.83,16,Grass,41.38,2.26,70,0
592,1140.87,26,Mixed,15.72,2.49,149,1
593,681.88,16,Grass,24.42,3.75,126,1
594,845.67,23,Mixed,33.12,3.33,174,0
595,1396.79,16,Grass,24.41,1.39,245,1
596,973.96,28,Mixed,37.0,2.7,258,0
597,1167.56,28,Mixed,31.87,2.33,159,1
598,672.32,35,Mixed,27.66,3.39,166,0
599,692.29,23,Grain,48.22,3.17,146,0
600,540.87,35,Mixed,37.13,3.07,123,0
601,668.94,26,Grain,19.55,2.02,197,0
602,778.59,26,Grass,34.6,3.41,232,0
603,677.01,17,Mixed,42.33,1.16,178,0
604,588.7,23,Grass,39.8,1.48,212,0
605,620.64,31,Grass,21.02,2.01,181,1
606,960.78,29,Mixed,49.03,1.23,103,0
607,706.33,25,Grain,30.71,1.7,71,0
608,864.27,13,Mixed,20.57,3.49,241,0
609,1003.42,20,Grass,21.31,3.84,130,1
610,1190.39,16,Grass,18.44,1.91,74,0
611,539.31,31,Mixed,43.12,1.79,111,1
612,1299.41,12,Grain,19.27,1.84,46,1
613,1127.9,34,Grain,19.38,1.83,102,0
614,581.76,14,Grass,44.77,1.11,43,0
615,1373.58,17,Grass,27.06,3.78,186,0
616,1420.87,16,Grain,16.08,1.64,252,0
617,561.08,32,Mixed,16.82,2.26,161,1
618,776.88,16,Grass,19.98,1.03,76,1
619,1306.2,12,Grain,22.47,3.57,136,0
620,1248.26,28,Grass,38.28,3.19,137,0
621,684.52,30,Mixed,20.51,3.84,294,1
622,709.35,25,Grain,19.16,3.34,234,1
623,870.47,23,Grass,41.77,1.94,108,0
624,984.52,21,Mixed,38.49,1.74,184,0
625,1118.25,31,Grass,30.24,3.09,276,0
626,868.91,32,Mixed,34.23,2.09,48,1
627,962.53,29,Mixed,25.92,2.7,55,0
628,1247.47,35,Grain,31.89,1.02,246,0
629,536.68,22,Mixed,32.73,1.19,183,1
630,752.44,13,Grass,28.55,2.61,183,1
631,1213.35,29,Mixed,46.73,2.7,203,1
632,1395.21,18,Mixed,15.56,3.25,121,0
633,1011.68,35,Grain,42.38,1.4,210,0
634,1032.11,26,Mixed,19.35,2.54,160,1
635,607.17,22,Mixed,42.91,1.58,105,0
636,947.41,29,Grass,36.56,1.28,206,0
637,1032.62,34,Grain,44.51,2.23,213,0
638,742.47,23,Grain,18.41,1.49,160,0
639,769.24,17,Grain,34.56,1.67,78,0
640,877.28,31,Mixed,32.54,1.95,84,1
641,520.07,34,Grain,39.72,1.78,183,1
642,822.08,24,Mixed,33.7,1.26,229,1
643,711.45,31,Mixed,33.93,1.27,147,0
644,827.5,27,Grass,30.04,1.58,292,0
645,619.76,29,Grass,25.81,1.15,75,0
646,1390.53,21,Grass,31.88,2.88,218,1
647,1093.59,34,Grass,19.15,1.86,158,0
648,1179.1,19,Grass,48.65,1.84,78,1
649,1289.17,29,Mixed,40.0,2.0,54,1
650,998.44,32,Mixed,48.34,2.99,295,0
651,586.92,12,Grain,22.94,3.61,147,0
652,1037.11,34,Mixed,45.78,3.28,173,1
653,1086.84,19,Mixed,43.31,3.18,229,1
654,1245.44,17,Grass,38.7,2.45,186,0
655,931.66,16,Mixed,36.88,3.08,163,0
656,627.58,26,Grass,26.08,2.66,177,1
657,783.78,33,Grain,43.57,1.65,100,0
658,863.08,26,Grain,32.55,1.63,262,0
659,1145.92,13,Mixed,17.48,1.89,183,0
660,1070.78,12,Grain,25.95,3.73,119,0
661,856.1,34,Mixed,47.74,2.64,228,0
662,1486.52,34,Grain,44.77,3.2,190,0
663,1105.77,22,Grass,49.37,2.04,55,0
664,737.23,21,Grass,36.98,2.22,150,0
665,601.78,29,Grass,23.66,1.38,241,1
666,652.86,29,Grass,20.7,1.51,92,1
667,745.96,28,Mixed,21.54,3.48,97,1
668,660.68,19,Grain,15.69,2.75,282,1
669,686.57,26,Mixed,28.67,2.01,31,0
670,785.1,19,Grass,21.7,3.41,137,0
671,673.37,28,Mixed,29.41,1.74,78,1
672,1396.77,23,Grain,47.72,3.93,169,0
673,580.23,19,Mixed,30.07,2.03,247,0
674,1024.51,25,Grain,45.73,2.01,73,1
675,910.4,15,Mixed,36.19,1.94,298,0
676,1482.38,12,Grain,23.65,1.37,107,0
677,612.04,12,Grain,27.45,1.33,245,1
678,897.86,30,Grass,17.94,2.94,127,1
679,1469.47,27,Grain,26.67,3.63,265,0
680,1365.51,25,Grass,38.71,3.37,178,1
681,1317.07,32,Grass,17.52,1.42,95,1
682,757.9,27,Grass,22.19,2.64,263,1
683,670.89,16,Mixed,28.35,1.32,116,0
684,1168.64,20,Mixed,49.37,1.14,108,0
685,1429.38,13,Mixed,42.47,2.97,234,1
686,1056.76,29,Mixed,40.67,2.61,283,1
687,1071.61,17,Grain,19.07,1.25,159,1
688,779.98,20,Grain,42.33,1.1,113,0
689,1269.49,12,Mixed,42.48,3.97,216,0
690,687.04,20,Grain,36.04,1.09,75,1
691,823.68,27,Grain,49.66,2.33,212,0
692,925.44,24,Grass,26.38,2.51,297,0
693,1007.61,20,Grass,47.94,1.35,129,0
694,742.41,32,Grass,47.02,1.51,107,0
695,614.84,24,Grass,15.4,2.06,191,1
696,1110.62,20,Grain,30.75,3.29,73,1
697,788.63,22,Mixed,49.2,2.52,267,0
698,1081.24,15,Grain,18.61,2.91,163,0
699,654.36,13,Grain,34.17,3.96,221,1
700,981.14,17,Grain,49.26,3.3,47,0
701,1032.59,25,Grass,34.44,2.3,41,0
702,551.82,15,Grass,21.64,2.34,209,1
703,836.6,17,Grass,35.38,2.86,152,0
704,634.41,30,Mixed,22.16,3.0,275,1
705,563.37,17,Grain,33.19,2.5,251,0
706,1489.96,13,Mixed,17.59,2.93,80,0
707,822.35,29,Grass,36.19,1.07,100,0
708,1309.87,24,Mixed,33.09,2.29,77,1
709,754.64,20,Grain,40.91,1.84,48,0
710,1181.5,34,Grain,37.07,1.39,291,0
711,1260.23,30,Grass,34.24,1.3,113,1
712,1095.64,24,Grass,39.14,2.81,184,0
713,971.58,22,Mixed,20.04,2.57,82,0
714,911.84,12,Grass,35.84,1.76,136,0
715,848.87,35,Grass,21.02,2.41,164,1
716,1429.53,33,Grain,47.39,2.48,98,0
717,1330.62,18,Grass,17.39,1.59,40,0
718,1465.03,32,Grass,30.06,2.96,172,0
719,624.3,26,Grain,39.35,3.34,221,0
720,1230.87,12,Grain,31.03,3.37,98,1
721,1438.34,23,Mixed,18.22,2.81,52,1
722,681.23,18,Grass,34.37,2.53,210,1
723,566.5,26,Grain,37.46,1.18,38,1
724,1241.12,32,Mixed,39.63,1.86,122,1
725,1074.47,30,Mixed,28.06,1.28,46,0
726,1341.83,12,Grass,34.73,3.89,183,1
727,639.77,28,Grass,30.77,1.41,178,0
728,1295.27,28,Mixed,38.52,1.46,296,0
729,701.63,14,Grain,35.42,3.67,135,1
730,663.66,23,Mixed,33.4,3.83,64,0
731,664.27,17,Grass,23.73,3.3,148,1
732,1314.57,22,Grain,15.07,1.02,43,0
733,1165.2,14,Grain,21.09,1.0,43,1
734,1023.07,19,Mixed,19.1,2.13,295,0
735,858.83,25,Grass,30.72,1.43,169,1
736,1377.2,25,Mixed,36.43,1.06,148,1
737,892.45,21,Mixed,22.46,2.39,267,0
738,1316.6,13,Mixed,47.87,3.83,63,0
739,939.13,25,Grain,15.23,1.97,198,0
740,876.94,20,Grain,42.03,2.98,39,0
741,962.68,14,Grass,36.88,2.96,151,1
742,801.38,32,Grass,28.07,1.75,174,1
743,1247.61,19,Mixed,16.77,2.95,252,0
744,1002.72,27,Mixed,36.96,1.64,286,1
745,732.21,13,Mixed,28.5,1.37,297,1
746,1399.57,17,Grass,47.77,3.1,33,0
747,883.89,32,Grain,33.97,1.34,135,1
748,1043.55,23,Grain,47.89,3.99,114,1
749,1406.47,16,Mixed,22.72,1.55,243,0
750,1124.24,13,Mixed,40.4,2.78,150,0
751,616.9,27,Mixed,36.6,2.23,161,0
752,1439.83,16,Mixed,40.88,1.38,226,1
753,1127.71,26,Grass,22.51,1.08,48,1
754,834.91,23,Grain,38.27,2.87,159,1
755,639.27,15,Mixed,32.43,3.42,41,0
756,1294.03,26,Grass,41.0,3.53,110,0
757,1120.07,22,Mixed,26.45,2.45,291,0
758,1033.46,27,Mixed,46.15,3.33,154,0
759,1393.89,34,Grain,17.95,3.02,296,1
760,1288.6,17,Mixed,43.25,3.17,169,1
761,651.67,25,Grain,45.15,2.48,31,1
762,811.72,29,Grain,43.6,2.9,37,1
763,748.49,23,Grain,32.95,3.42,279,0
764,1243.95,22,Grass,30.34,2.19,168,0
765,533.53,24,Grass,49.87,3.42,153,0
766,1069.89,32,Grain,23.02,2.78,257,1
767,1262.46,34,Mixed,34.14,1.5,39,1
768,1376.77,22,Grain,38.47,1.07,241,0
769,842.08,34,Mixed,39.53,2.09,141,0
770,1321.26,27,Grain,22.14,2.64,37,0
771,610.63,26,Mixed,37.89,3.52,282,0
772,1346.45,32,Grass,43.64,1.38,43,0
773,627.49,26,Mixed,16.75,3.4,269,0
774,897.29,15,Grain,46.9,3.59,271,0
775,1297.3,22,Grass,16.03,1.45,178,1
776,649.92,30,Mixed,27.46,3.55,265,0
777,729.25,26,Mixed,15.55,3.97,196,0
778,1222.25,15,Mixed,17.7,3.18,49,0
779,1220.04,32,Mixed,46.89,3.35,245,0
780,1141.15,24,Mixed,27.42,3.98,164,0
781,1193.95,33,Grass,29.87,2.82,158,0
782,1042.72,30,Grass,22.54,1.92,275,0
783,751.8,13,Grass,35.9,3.51,218,0
784,845.7,25,Grass,35.82,2.84,73,1
785,681.6,15,Grain,28.03,2.74,115,0
786,1408.45,27,Grass,26.66,1.76,73,1
787,1083.39,32,Mixed,45.97,3.27,174,0
788,900.85,31,Mixed,28.41,1.25,80,0
789,962.01,25,Grass,32.27,3.77,271,0
790,1447.28,26,Mixed,24.92,1.98,80,0
791,653.35,14,Grass,42.54,1.38,295,1
792,1086.23,19,Mixed,28.91,2.33,149,1
793,1005.89,27,Grain,32.98,1.13,229,1
794,1111.45,21,Grain,23.87,3.05,277,1
795,518.11,15,Grass,49.57,3.71,99,1
796,1372.12,29,Grass,25.2,3.51,86,0
797,1432.12,13,Grass,41.98,1.38,68,0
798,1065.13,28,Mixed,29.96,1.38,47,1
799,1196.65,24,Grass,22.22,3.44,249,1
800,1422.5,15,Grain,42.99,3.77,273,0
801,1207.24,22,Mixed,26.68,2.38,103,1
802,652.54,18,Grass,45.28,2.5,139,0
803,1076.29,23,Mixed,47.03,1.95,209,0
804,1106.72,21,Mixed,45.09,3.68,61,0
805,924.13,18,Grass,16.23,2.93,263,1
806,1236.44,24,Mixed,42.56,1.86,54,1
807,1434.37,18,Grain,29.4,1.9,255,0
808,1425.57,35,Grain,45.58,3.67,86,0
809,950.84,28,Mixed,37.33,1.04,209,0
810,613.24,21,Grass,44.18,1.97,261,1
811,1484.84,21,Mixed,32.48,2.66,93,0
812,1338.9,35,Grain,33.73,1.44,261,0
813,624.66,15,Mixed,20.05,1.28,242,0
814,1420.84,31,Mixed,42.44,3.45,287,0
815,1369.9,15,Grain,29.68,3.68,47,0
816,1018.84,33,Mixed,32.5,3.47,204,1
817,1091.28,18,Mixed,42.48,3.7,258,0
818,899.0,33,Grass,35.96,2.66,255,1
819,554.76,12,Grass,22.04,3.44,113,0
820,835.2,23,Grain,35.66,2.15,275,0
821,1302.85,35,Grain,29.27,3.0,139,0
822,504.63,24,Grain,31.43,3.97,283,1
823,833.5,21,Grass,15.99,1.68,117,1
824,898.17,26,Grain,22.35,2.17,101,1
825,1037.4,24,Grain,24.84,2.44,59,0
826,1419.86,34,Grain,39.95,1.41,201,0
827,846.35,33,Grass,15.4,1.24,206,1
828,846.95,33,Mixed,29.31,3.49,168,1
829,1237.5,32,Grain,47.34,3.93,223,0
830,952.22,33,Mixed,18.92,2.21,215,1
831,724.6,20,Grain,33.07,1.26,247,0
832,952.44,20,Mixed,42.53,1.2,193,0
833,640.86,26,Grass,47.99,3.67,190,0
834,676.39,21,Grass,41.14,2.39,42,0
835,998.37,35,Grain,40.22,1.96,118,0
836,918.93,21,Mixed,43.93,2.43,71,0
837,1414.85,19,Grass,30.62,1.95,239,0
838,862.39,35,Grain,43.2,2.47,258,0
839,1080.59,27,Grain,15.28,3.58,280,0
840,1132.26,28,Grass,47.36,2.78,237,1
841,513.09,16,Grass,30.52,3.08,169,0
842,1163.54,15,Grain,34.37,2.09,63,0
843,678.04,29,Mixed,23.92,3.22,47,0
844,1461.07,35,Mixed,40.99,3.0,86,1
845,648.66,30,Mixed,17.68,1.36,141,0
846,914.62,15,Grain,45.54,2.72,34,0
847,585.35,18,Grass,43.98,1.77,211,0
848,1496.87,21,Grain,22.56,3.41,42,1
849,1002.2,29,Grass,43.33,2.28,288,0
850,1095.39,30,Mixed,42.52,3.98,119,0
851,567.08,15,Mixed,37.13,1.28,133,0
852,1249.96,21,Grass,28.07,3.34,215,0
853,709.91,12,Grass,24.5,3.02,279,1
854,1398.05,34,Grain,23.11,3.3,284,1
855,705.14,29,Mixed,26.15,1.92,105,1
856,690.69,16,Grain,46.62,2.48,137,1
857,536.55,26,Grain,17.72,3.39,185,0
858,972.07,28,Grain,44.01,1.7,111,0
859,1064.84,14,Mixed,27.21,1.68,106,1
860,565.71,23,Grain,33.26,2.65,287,0
861,1275.53,13,Grain,42.81,2.57,156,1
862,953.29,12,Grain,45.95,1.85,117,0
863,1024.39,34,Grain,27.07,1.89,233,0
864,940.76,32,Grain,31.16,1.83,45,1
865,900.76,28,Grain,29.51,3.31,180,1
866,1059.64,33,Mixed,15.46,2.96,283,1
867,655.24,27,Grain,25.36,3.5,217,0
868,681.93,16,Grass,31.07,3.93,61,1
869,1361.79,26,Grain,29.39,2.42,34,0
870,1446.12,14,Grain,40.27,1.2,198,0
871,873.31,18,Mixed,28.47,1.14,210,1
872,770.74,22,Mixed,32.13,1.89,207,1
873,1144.0,21,Grass,30.04,3.8,172,0
874,908.73,20,Grass,40.92,2.57,277,1
875,525.39,25,Mixed,45.2,1.82,156,0
876,656.15,24,Mixed,33.62,2.2,292,0
877,1215.97,13,Grain,42.63,2.8,69,0
878,1158.92,14,Mixed,25.39,2.96,284,1
879,527.1,18,Grass,33.95,1.46,172,0
880,721.97,32,Grain,27.08,3.93,269,1
881,731.07,29,Grass,29.5,2.63,257,0
882,1171.89,14,Grain,40.63,1.41,227,1
883,519.71,21,Mixed,45.86,3.68,94,0
884,604.11,33,Grass,19.25,1.22,40,1
885,1299.92,18,Grain,37.21,3.72,137,0
886,678.54,20,Grain,35.38,3.99,55,1
887,1152.75,28,Mixed,19.14,3.1,180,1
888,738.18,22,Mixed,22.42,3.31,250,1
889,599.44,18,Mixed,25.89,2.01,266,0
890,743.17,35,Grass,20.84,3.82,266,1
891,1222.27,25,Grain,23.53,2.59,248,0
892,1355.7,30,Mixed,24.37,3.2,180,1
893,1330.22,15,Grass,26.75,3.77,152,1
894,897.18,17,Grass,41.23,3.93,173,0
895,1168.09,21,Grass,35.02,3.5,218,0
896,704.98,18,Mixed,49.52,1.91,284,0
897,793.15,24,Mixed,29.52,3.9,97,0
898,1396.34,25,Grain,41.39,2.88,133,1
899,513.0,15,Grain,45.5,3.79,188,0
900,585.51,19,Mixed,38.76,3.03,119,0
901,707.89,16,Grass,29.42,1.92,285,0
902,526.53,12,Grass,41.38,2.11,249,0
903,681.44,15,Grass,22.13,2.65,38,0
904,1083.04,14,Grain,26.46,3.37,41,1
905,921.42,20,Grass,34.13,1.95,273,0
906,1392.67,19,Grain,35.14,2.74,211,1
907,1317.44,12,Grain,15.77,2.04,128,0
908,841.82,17,Grass,48.08,3.45,226,0
909,759.42,20,Grass,39.38,2.4,255,1
910,879.69,18,Mixed,32.35,1.23,132,0
911,1090.29,15,Mixed,47.66,1.5,135,0
912,768.06,24,Grass,30.37,1.18,87,0
913,1124.15,28,Grain,49.32,2.5,107,0
914,909.41,13,Grain,32.93,1.32,104,0
915,1052.05,16,Grain,19.0,1.34,71,0
916,936.13,23,Grain,41.77,3.82,210,0
917,794.47,32,Grain,38.76,3.62,62,0
918,1448.45,19,Mixed,42.05,2.36,100,0
919,1263.61,17,Grass,48.3,3.96,85,0
920,640.11,19,Mixed,42.18,1.0,134,0
921,1368.47,29,Grain,36.4,2.84,229,0
922,987.43,14,Grain,45.01,2.85,130,1
923,1394.55,33,Grain,38.56,2.37,285,0
924,1299.86,23,Grain,29.28,2.19,103,1
925,925.21,14,Grass,46.0,2.37,200,0
926,522.47,33,Grain,22.77,2.24,172,1
927,768.68,17,Grass,40.01,3.19,195,0
928,1041.63,13,Grain,45.85,1.41,290,1
929,1133.48,34,Grass,40.6,1.59,250,1
930,757.89,23,Mixed,39.4,1.54,112,0
931,639.36,13,Grain,41.34,1.79,211,1
932,1334.93,17,Grass,31.28,2.58,39,0
933,1484.4,28,Mixed,45.6,1.33,33,0
934,1025.69,14,Grain,22.12,3.6,244,1
935,671.68,13,Grain,19.46,1.89,127,1
936,772.31,34,Grain,24.99,1.49,130,0
937,518.39,31,Grass,33.61,3.03,38,0
938,1414.3,19,Grass,32.87,1.11,90,1
939,617.75,33,Mixed,43.72,2.86,175,1
940,1076.52,23,Grass,29.16,3.09,92,1
941,774.06,15,Grass,31.95,1.64,150,1
942,1054.18,16,Grain,15.47,1.13,255,0
943,1151.42,24,Grain,29.34,2.09,134,1
944,1329.74,26,Grain,37.67,1.3,289,0
945,706.42,34,Grain,15.54,1.35,284,0
946,511.0,27,Grain,24.83,1.76,236,0
947,636.89,21,Grain,22.28,1.89,57,0
948,1400.02,34,Grain,16.47,2.59,199,0
949,1373.89,27,Mixed,31.77,3.04,105,1
950,1097.41,23,Mixed,21.36,2.78,145,0
951,1100.52,28,Mixed,41.01,1.45,98,0
952,1165.04,27,Mixed,44.68,1.52,263,1
953,675.37,23,Grain,34.1,3.64,30,0
954,1414.41,19,Mixed,49.36,2.68,196,0
955,918.77,31,Grain,30.77,3.61,247,0
956,883.14,14,Mixed,32.97,2.11,280,1
957,1018.92,27,Grass,49.62,2.84,203,0
958,546.97,24,Mixed,23.1,2.57,199,0
959,666.28,34,Mixed,47.99,1.96,275,0
960,1238.03,30,Grain,16.5,2.41,119,0
961,582.8,19,Mixed,30.62,2.51,78,0
962,1103.15,33,Grass,17.45,1.6,179,0
963,745.35,16,Grain,40.52,1.95,161,0
964,889.3,31,Grain,36.29,3.37,88,1
965,788.69,19,Mixed,39.73,3.75,228,0
966,855.67,35,Grain,28.11,2.08,244,0
967,1219.05,23,Grain,27.93,1.92,78,0
968,797.12,12,Grain,16.59,1.59,261,0
969,1066.4,32,Grain,27.25,3.04,276,1
970,976.05,31,Grain,47.53,1.97,268,0
971,1163.67,17,Grain,28.27,3.96,197,0
972,1436.83,33,Grass,44.1,1.98,77,1
973,1232.57,29,Mixed,44.48,2.18,80,0
974,714.94,19,Grass,28.06,2.81,127,0
975,531.18,18,Grain,37.12,3.41,245,0
976,762.26,12,Grain,18.34,2.41,206,0
977,1095.08,32,Mixed,18.63,2.27,109,0
978,551.43,27,Grass,16.7,3.99,214,0
979,996.37,23,Mixed,35.34,1.03,56,0
980,1096.84,17,Grass,29.91,3.69,224,1
981,834.24,31,Grain,34.18,1.45,243,0
982,1270.91,13,Mixed,33.24,3.36,143,0
983,606.6,25,Mixed,27.26,2.85,271,0
984,575.14,15,Grain,38.71,2.03,153,0
985,1228.19,12,Mixed,41.55,3.62,105,0
986,995.49,34,Grass,15.51,1.04,225,1
987,1188.4,29,Grass,22.25,1.68,73,1
988,934.83,24,Grass,39.96,2.7,215,1
989,746.4,13,Grass,28.53,2.05,275,1
990,1319.1,20,Grain,38.19,2.83,113,0
991,1299.42,32,Mixed,27.14,1.07,236,0
992,1194.7,13,Grass,28.68,1.35,180,0
993,772.15,20,Grain,20.55,1.38,185,0
994,1090.23,12,Mixed,24.04,1.57,45,1
995,860.97,22,Mixed,36.19,2.38,194,0
996,591.58,14,Grain,30.16,3.26,174,1
997,1417.31,31,Grain,42.1,3.72,66,0
998,636.82,34,Grass,44.84,3.51,74,1
999,1450.24,15,Mixed,33.96,1.59,235,1
1000,946.01,29,Mixed,41.54,2.32,91,1
